Key,EngName,ProjectileKey,BaseSpritePath,SkillSpritePath,UltSpritePath,BaseActionImpact,SkillActionImpact,UltActionImpact,BaseHitType,SkillHitType,UltHitType,BaseBuff,SkillBuff,UltBuff,BaseClip,SkillClip,UltClip,ProjectileBaseSpeed,ProjectileSkillSpeed,ProjectileUltSpeed,IsBaseRange,IsSkillRange,IsUltRange,IsBaseEffectFront,IsSkillEffectFront,IsUltEffectFront,IsRotationProjectile
4000,Diana,None,None,None,None,Damage,Damage,AllBuff,Normal,Normal,None,None,None,AttackPower,None,None,AllPowerUp,0,0,0,FALSE,FALSE,FALSE,FALSE,TRUE,FALSE,FALSE
4001,Gwin,None,None,None,None,Damage,Status,Status,Normal,Stone,Stone,None,None,None,None,None,None,0,0,0,FALSE,FALSE,FALSE,FALSE,FALSE,TRUE,FALSE
4002,Alette,None,None,None,None,Damage,SoloBuff,Damage,Normal,None,Normal,None,DamageReduction,None,None,DamageReduction,None,0,0,0,FALSE,FALSE,FALSE,FALSE,FALSE,TRUE,FALSE
4003,Ed,None,None,None,None,Damage,Dot,Status,Normal,Normal,Cold,None,None,None,None,None,None,0,0,0,FALSE,FALSE,FALSE,FALSE,FALSE,FALSE,FALSE
4004,Lonan,None,None,None,None,Damage,PartialBuff,Damage,Normal,Normal,Normal,None,None,None,None,None,None,0,0,0,FALSE,FALSE,FALSE,FALSE,FALSE,FALSE,FALSE
4005,Jade,None,None,None,None,Damage,Damage,Damage,Normal,Normal,Normal,None,None,None,None,None,None,0,0,0,FALSE,FALSE,FALSE,FALSE,FALSE,FALSE,FALSE
4006,Levi,Shuriken,None,Sprites/Attack/Projectile/AssassinSkill,None,Damage,Damage,Dot,Normal,Normal,Posion,None,None,None,None,None,AssassinUlt,0,12,0,FALSE,TRUE,FALSE,FALSE,FALSE,TRUE,TRUE
4007,Erdin,Arrow,Sprites/Attack/Projectile/ArcherBase,Sprites/Attack/Projectile/ArcherSkill,Sprites/Attack/Projectile/ArcherUlt,Damage,Dot,Status,Normal,Fire,Cold,None,None,None,None,None,None,8,15,15,TRUE,TRUE,TRUE,FALSE,FALSE,FALSE,FALSE
4008,Sylla,Arrow,None,None,None,Damage,Damage,Damage,Normal,Normal,Normal,None,None,None,None,None,None,0,0,0,TRUE,TRUE,TRUE,FALSE,FALSE,FALSE,FALSE
